sec,rms,F1,F2,F3,F4,f0,c
0.01,-30.4481201171875,644.13,2051.618,2792.787,4545.947,342.857,0.487
0.02,-30.275650024414062,660.905,2110.546,2857.737,4576.138,342.857,0.495
0.03,-16.92344093322754,943.624,2042.001,2686.803,4367.614,266.667,0.598
0.04,-13.448768615722656,1046.684,1586.254,2855.033,4160.337,134.831,0.578
0.05,-11.313724517822266,1055.696,1544.474,2994.263,4112.281,80.537,0.524
0.06,-8.954042434692383,1088.664,1598.14,3112.567,4014.33,240.0,0.712
0.07,-8.345113754272461,1066.827,1590.894,3078.503,3985.18,250.0,0.831
0.08,-9.907621383666992,792.131,1630.634,2954.336,4091.826,255.319,0.779
0.09,-10.880889892578125,976.023,1756.963,2914.463,3988.701,260.87,0.804
0.1,-10.431282043457031,1062.93,1810.649,2998.402,3980.376,266.667,0.764
0.11,-11.442960739135742,1036.243,1852.095,3082.14,4087.302,272.727,0.791
0.12,-12.85513973236084,1007.37,1877.841,2875.338,4059.948,279.07,0.849
0.13,-13.448968887329102,882.19,1890.324,2790.993,4082.551,279.07,0.782
0.14,-13.253053665161133,697.186,1881.846,2712.253,4091.541,285.714,0.699
0.15,-13.055042266845703,705.381,1820.039,2675.885,4033.893,292.683,0.722
0.16,-13.110523223876953,670.512,1710.591,2645.029,4116.882,285.714,0.775
0.17,-12.675636291503906,548.569,1731.261,2650.565,4110.863,279.07,0.75
0.18,-13.129042625427246,517.981,1771.139,2659.183,4139.474,279.07,0.774
0.19,-14.999834060668945,292.073,1739.219,2616.41,4151.946,96.774,0.474
0.2,-17.87383270263672,294.487,1804.508,2664.399,4095.121,222.222,0.533
0.21,-21.407207489013672,533.782,1731.147,2747.532,4126.089,272.727,0.702
0.22,-21.897480010986328,542.448,1673.337,2930.006,4181.841,279.07,0.7
0.23,-23.251867294311523,553.506,1851.166,2862.199,4172.883,292.683,0.554
0.24,-27.649641036987305,953.243,1940.002,2841.05,4120.271,285.714,0.794
0.25,-30.43341636657715,974.096,1851.993,2744.819,4072.003,285.714,0.686
0.26,-30.86437225341797,836.34,1816.306,2742.881,4240.015,272.727,0.386
0.27,-26.75589370727539,599.715,2118.853,3574.002,4732.978,218.182,0.479
0.28,-26.497323989868164,915.956,2005.942,3830.119,4725.68,279.07,0.437
0.29,-30.248291015625,846.371,1926.694,3538.593,4585.298,136.364,0.366
0.3,-30.35435676574707,1015.191,1848.301,3366.336,4488.235,114.286,0.438
0.31,-30.106914520263672,1154.57,2143.267,3315.172,4560.272,279.07,0.56
0.32,-31.75880241394043,1089.516,2201.505,3289.936,4535.995,240.0,0.496
0.33,-34.976226806640625,910.948,1959.428,3373.157,4451.077,255.319,0.504
0.34,-36.2531623840332,878.867,2017.562,3213.949,4456.734,260.87,0.568
0.35,-31.9931583404541,629.325,1988.83,3173.236,4485.068,266.667,0.489
0.36,-14.342714309692383,809.213,2008.831,3111.476,4527.658,272.727,0.58
0.37,-8.124282836914062,511.431,987.612,2815.496,4465.045,244.898,0.686
0.38,-7.435232162475586,509.536,1078.577,2765.909,4392.604,244.898,0.82
0.39,-8.904582977294922,614.029,1218.673,2754.802,4267.401,244.898,0.763
0.4,-8.629226684570312,733.029,1300.093,2768.423,4292.717,250.0,0.708
0.41,-8.34492301940918,789.365,1405.579,2816.766,4305.085,260.87,0.678
0.42,-7.935271263122559,784.673,1439.88,2810.319,4310.812,266.667,0.79
0.43,-8.578356742858887,829.931,1604.219,2824.472,4283.682,279.07,0.689
0.44,-8.651152610778809,844.646,1639.216,2865.847,4300.403,285.714,0.827
0.45,-8.774953842163086,849.184,1735.165,2897.28,4310.551,292.683,0.713
0.46,-10.473627090454102,845.517,1722.929,2917.381,4283.844,307.692,0.835
0.47,-11.07784366607666,849.048,1672.624,2956.504,4294.523,315.789,0.827
0.48,-10.558671951293945,815.163,1588.847,2949.211,4277.939,324.324,0.796
0.49,-10.069893836975098,738.892,1498.944,2983.223,4272.91,333.333,0.836
0.5,-9.730450630187988,703.443,1486.776,3010.412,4222.204,333.333,0.873
0.51,-9.506248474121094,693.449,1532.528,3038.494,4277.136,342.857,0.835
0.52,-10.084012985229492,687.655,1529.474,3071.927,4279.748,342.857,0.853
0.53,-10.446355819702148,686.412,1464.797,3091.706,4300.313,342.857,0.884
0.54,-10.015756607055664,694.448,1444.703,3119.642,4354.912,342.857,0.841
0.55,-9.782466888427734,688.613,1413.042,3074.601,4250.903,342.857,0.875
0.56,-10.235800743103027,676.356,1418.622,3100.145,4268.731,342.857,0.822
0.57,-10.125822067260742,653.722,1369.511,3178.173,4298.119,333.333,0.841
0.58,-9.651602745056152,696.037,1329.105,3170.593,4345.116,324.324,0.847
0.59,-10.507795333862305,761.898,1334.176,3163.557,4332.61,307.692,0.719
0.6,-11.663037300109863,805.07,1460.991,3161.678,4329.803,292.683,0.773
0.61,-11.126938819885254,784.31,1369.979,3140.516,4333.039,272.727,0.723
0.62,-10.14116382598877,743.827,1274.452,3115.798,4312.236,250.0,0.728
0.63,-9.792263984680176,709.833,1244.541,3100.832,4277.3,235.294,0.613
0.64,-9.74902057647705,674.659,1213.294,3110.921,4263.842,226.415,0.62
0.65,-9.543645858764648,649.84,1183.038,3107.64,4226.002,210.526,0.655
0.66,-10.384330749511719,611.033,1226.563,3129.842,4248.06,206.897,0.616
0.67,-12.06564712524414,592.561,1219.709,3126.14,4244.434,196.721,0.653
0.68,-12.890140533447266,579.15,1166.112,3067.244,4265.511,193.548,0.714
0.69,-12.66073226928711,577.885,1141.395,3065.406,4344.304,190.476,0.682
0.7,-13.517797470092773,566.82,1133.347,3054.876,4241.948,190.476,0.627
0.71,-15.713825225830078,563.197,1133.925,3061.291,4240.743,193.548,0.596
0.72,-17.81673240661621,598.974,1238.68,3070.788,4227.285,206.897,0.576
0.73,-21.912109375,591.411,1240.519,3084.891,4185.741,196.721,0.488
0.74,-24.163923263549805,600.704,1220.963,3136.271,4171.036,200.0,0.553
0.75,-25.75680160522461,651.874,1430.791,3096.061,4209.446,196.721,0.6
0.76,-28.24541473388672,655.797,2091.377,3148.951,4369.032,193.548,0.515
0.77,-26.69143295288086,609.492,2025.899,3185.801,4443.812,300.0,0.531
0.78,-25.749900817871094,592.824,2199.208,3410.064,4425.299,144.578,0.513
0.79,-28.254283905029297,580.09,2385.346,3339.472,4358.994,95.238,0.53
0.8,-31.52695083618164,607.186,2505.143,3342.107,4353.164,400.0,0.488
0.81,-33.787620544433594,693.278,2161.183,3300.277,4200.1,184.615,0.551
0.82,-33.12984085083008,633.491,1634.247,3109.422,4277.531,142.857,0.486
0.83,-32.803932189941406,621.815,1439.851,3123.002,4278.253,307.692,0.466
0.84,-34.55166244506836,626.116,1534.246,3244.312,4312.591,105.263,0.424
0.85,-37.04292678833008,585.464,1444.308,3231.767,4324.348,200.0,0.494
0.86,-37.859405517578125,623.085,1377.244,3108.112,4234.49,200.0,0.431
0.87,-38.1782341003418,594.853,1557.803,3044.923,4171.456,184.615,0.426
0.88,-38.211769104003906,634.353,2415.528,3357.227,4249.103,184.615,0.534
0.89,-39.0573616027832,634.242,2227.321,3271.545,4388.669,184.615,0.501
0.9,-39.17195129394531,594.517,2101.612,3145.395,4337.095,203.39,0.41
0.91,-41.0283203125,648.503,2170.227,3100.315,4285.073,82.192,0.452
0.92,-43.917762756347656,790.25,2057.935,3405.078,4226.092,210.526,0.505
0.93,-42.94298553466797,711.241,2077.619,3421.73,4240.132,100.0,0.477
0.94,-43.229896545410156,589.802,1577.933,3177.229,4307.947,136.364,0.502
0.95,-46.06210708618164,694.839,1357.579,3100.009,4279.093,190.476,0.447
0.96,-45.4112434387207,656.722,1314.713,3241.624,4221.472,260.87,0.46
0.97,-45.135498046875,623.647,1405.76,3180.644,4301.288,148.148,0.431
0.98,-46.49750518798828,651.649,2021.33,3143.708,4403.495,193.548,0.484
0.99,-46.078163146972656,569.056,2300.996,3206.003,4508.443,110.092,0.454
1.0,-27.382305145263672,590.278,2429.229,3320.634,4625.217,307.692,0.571
1.01,-21.395282745361328,534.508,1875.84,2785.719,4349.821,122.449,0.557
1.02,-19.44196319580078,488.557,1973.5,2876.089,4291.207,117.647,0.627
1.03,-18.480886459350586,481.015,2133.871,2993.685,4244.144,118.812,0.562
1.04,-18.276700973510742,485.236,2105.126,3067.989,4253.886,123.711,0.621
1.05,-19.378273010253906,493.879,2152.666,3307.085,4385.309,244.898,0.673
1.06,-20.307418823242188,477.907,2157.408,3270.904,4343.293,240.0,0.67
1.07,-19.770265579223633,256.88,2157.776,3192.82,4413.186,235.294,0.722
1.08,-18.812942504882812,435.067,2161.656,3123.501,4413.167,230.769,0.613
1.09,-17.474842071533203,475.49,2150.49,3075.38,4227.381,260.87,0.616
1.1,-15.595783233642578,516.068,2057.019,3154.247,4298.981,272.727,0.862
1.11,-14.37945556640625,686.778,1654.91,2895.463,4365.204,285.714,0.881
1.12,-13.83241081237793,665.38,1358.152,2850.681,4312.387,285.714,0.846
1.13,-13.847049713134766,701.036,1528.54,2879.577,4169.813,292.683,0.881
1.14,-13.500869750976562,200.0,1786.972,2859.031,3970.774,300.0,0.891
1.15,-12.310132026672363,459.791,1940.06,2834.331,3861.644,300.0,0.893
1.16,-11.946296691894531,457.952,2082.781,2833.525,3965.467,307.692,0.895
1.17,-12.419656753540039,472.1,2197.647,2860.828,4295.194,307.692,0.895
1.18,-12.532842636108398,486.346,2280.245,2853.191,4510.417,315.789,0.898
1.19,-12.165719032287598,459.702,2320.142,2863.154,4530.852,307.692,0.854
1.2,-11.933165550231934,340.365,2342.482,2874.319,4605.278,307.692,0.852
1.21,-11.999711990356445,308.588,2376.307,2914.25,4611.258,307.692,0.875
1.22,-12.57721996307373,305.551,2396.4,2959.937,4650.784,307.692,0.856
1.23,-13.242387771606445,447.771,2384.704,2975.458,4738.157,307.692,0.885
1.24,-13.78607177734375,477.556,2266.572,2930.271,4767.354,307.692,0.893
1.25,-15.211637496948242,359.51,2103.497,2940.664,4622.095,300.0,0.828
1.26,-18.07496452331543,279.859,2093.322,2941.951,4665.915,285.714,0.622
1.27,-23.177074432373047,302.865,2319.16,2867.804,4678.934,307.692,0.637
1.28,-28.048370361328125,301.816,2397.53,2943.82,4530.688,307.692,0.766
1.29,-29.685089111328125,303.063,2386.742,3064.816,4919.899,307.692,0.671
1.3,-32.3572883605957,515.255,2384.764,3257.576,5463.177,315.789,0.398
1.31,-31.91095733642578,717.985,2339.811,3401.365,5449.185,260.87,0.534
1.32,-31.748416900634766,797.99,2255.014,3352.229,5079.309,272.727,0.478
1.33,-31.157140731811523,839.824,2044.985,3188.548,4836.128,279.07,0.517
1.34,-29.555374145507812,968.287,1844.483,3052.773,4535.798,307.692,0.545
1.35,-29.84816551208496,1001.207,2029.017,3193.683,4348.216,307.692,0.552
1.36,-31.78333282470703,976.101,1770.805,3186.227,4335.929,155.844,0.537
1.37,-32.43037033081055,1039.999,1837.434,3273.153,4303.871,100.84,0.417
1.38,-33.03313446044922,1052.502,2065.905,3409.5,4262.541,266.667,0.591
1.39,-32.0911865234375,1059.236,1960.245,3317.244,4181.396,266.667,0.67
1.4,-26.8062801361084,290.515,1354.794,3164.592,4156.244,307.692,0.426
1.41,-20.05027961730957,736.949,1208.915,3114.687,4229.116,285.714,0.75
1.42,-15.632877349853516,873.895,1181.945,3199.556,4195.516,292.683,0.822
1.43,-14.183906555175781,881.816,1216.276,3194.816,4136.198,285.714,0.758
1.44,-15.264430046081543,888.532,1262.665,3229.02,4106.724,279.07,0.76
1.45,-16.305984497070312,895.974,1261.85,3251.706,4076.828,285.714,0.881
1.46,-15.993335723876953,867.221,1214.051,3213.771,4020.052,292.683,0.816
1.47,-15.116181373596191,881.854,1206.213,3228.645,4018.329,300.0,0.796
1.48,-14.388562202453613,916.427,1234.483,3152.596,3959.813,307.692,0.799
1.49,-15.22314167022705,938.793,1280.671,3132.684,3974.737,315.789,0.817
1.5,-16.929798126220703,974.939,1317.156,3149.142,4021.6,315.789,0.753
1.51,-16.5649471282959,967.365,1328.097,2958.592,3975.299,324.324,0.806
1.52,-17.171367645263672,1018.878,1395.968,2965.5,4023.498,333.333,0.748
1.53,-19.954919815063477,1035.157,1546.968,2997.581,4081.759,333.333,0.691
1.54,-21.044416427612305,1116.889,1645.501,2925.955,4117.557,342.857,0.856
1.55,-21.993370056152344,1004.008,1622.59,2857.705,4114.396,342.857,0.805
1.56,-23.862741470336914,867.49,1522.85,2752.06,4101.586,342.857,0.674
1.57,-27.713891983032227,880.567,1716.085,2753.043,4180.394,342.857,0.598
1.58,-28.531780242919922,999.175,1655.226,2869.943,4219.751,333.333,0.59
1.59,-30.030948638916016,984.832,1556.657,2902.185,4246.09,324.324,0.615
1.6,-32.050472259521484,958.354,1583.736,2947.815,4312.723,324.324,0.551
1.61,-33.41973876953125,1041.707,1577.671,2989.768,4252.492,333.333,0.562
1.62,-34.413246154785156,1149.699,2037.605,2964.849,4257.203,144.578,0.519
1.63,-34.85822296142578,1095.559,2057.836,2935.709,4365.399,117.647,0.465
1.64,-29.721033096313477,1097.924,2132.006,2916.285,4287.794,352.941,0.747
1.65,-26.2491512298584,410.549,1659.074,2835.73,4240.809,352.941,0.648
1.66,-23.90558624267578,337.83,1775.148,2863.649,4275.792,333.333,0.574
1.67,-21.836071014404297,321.33,1839.192,2948.13,4205.793,315.789,0.698
1.68,-21.623607635498047,359.027,1910.636,3081.817,4185.913,307.692,0.792
1.69,-21.112136840820312,856.692,1935.117,2946.886,4244.547,300.0,0.854
1.7,-19.467458724975586,865.603,1758.105,2724.343,4348.48,285.714,0.834
1.71,-19.036296844482422,683.118,1693.904,2720.453,4385.561,272.727,0.775
1.72,-19.890653610229492,533.266,1691.674,2768.221,4155.466,260.87,0.735
1.73,-19.821277618408203,481.611,1856.054,3009.912,4132.23,255.319,0.67
1.74,-20.12504768371582,393.901,1809.185,3039.27,4097.47,240.0,0.581
1.75,-20.99454689025879,267.569,1789.08,2992.455,4169.668,82.759,0.483
1.76,-20.838956832885742,225.132,1801.659,3022.19,4174.312,214.286,0.736
1.77,-21.589757919311523,222.129,1815.582,2987.172,4155.839,214.286,0.545
1.78,-19.854419708251953,463.384,1647.262,2821.709,4157.237,235.294,0.601
1.79,-17.357006072998047,525.6,1445.238,2732.259,4271.516,235.294,0.717
1.8,-15.524412155151367,671.813,1510.208,2716.686,4303.208,230.769,0.822
1.81,-13.690486907958984,697.014,1526.249,2692.553,4283.435,226.415,0.872
1.82,-13.260683059692383,716.575,1554.638,2747.102,4270.602,226.415,0.845
1.83,-14.152175903320312,763.631,1582.926,2821.092,4269.906,226.415,0.813
1.84,-14.301834106445312,762.705,1570.936,2919.494,4281.49,222.222,0.849
1.85,-13.788698196411133,765.291,1559.981,3189.357,4385.239,222.222,0.861
1.86,-13.375264167785645,789.587,1560.985,3188.789,4377.969,222.222,0.813
1.87,-13.344489097595215,809.303,1534.713,2879.136,4250.236,218.182,0.799
1.88,-13.86849594116211,813.941,1495.733,2784.476,4204.678,218.182,0.782
1.89,-14.96316909790039,821.506,1457.461,2789.558,4226.509,214.286,0.762
1.9,-16.088821411132812,813.359,1410.668,2842.549,4131.36,210.526,0.776
1.91,-15.846893310546875,775.717,1375.729,2750.779,4096.372,210.526,0.565
1.92,-15.692051887512207,764.968,1320.879,2743.487,4157.555,104.348,0.498
1.93,-15.297146797180176,744.723,1258.192,2707.107,4058.275,226.415,0.46
1.94,-15.380073547363281,697.042,1258.638,2666.554,4070.035,97.561,0.507
1.95,-15.855646133422852,690.012,1214.453,2733.176,4180.527,99.174,0.505
1.96,-16.010784149169922,659.265,1219.075,2907.029,4229.635,98.361,0.476
1.97,-16.977378845214844,572.881,1407.706,2935.543,4033.643,285.714,0.621
